{
  "\n": 41,
  " ": 0,
  "!": 58,
  "\"": 10,
  "#": 63,
  "%": 85,
  "&": 46,
  "'": 71,
  "(": 52,
  ")": 53,
  "*": 48,
  "+": 91,
  ",": 36,
  "-": 5,
  ".": 15,
  "/": 29,
  "0": 26,
  "1": 21,
  "2": 30,
  "3": 39,
  "4": 38,
  "5": 27,
  "6": 37,
  "7": 35,
  "8": 43,
  "9": 42,
  ":": 28,
  ";": 31,
  "<": 25,
  "=": 17,
  ">": 24,
  "?": 84,
  "@": 90,
  "A": 68,
  "B": 60,
  "C": 47,
  "D": 86,
  "E": 82,
  "F": 78,
  "G": 65,
  "H": 66,
  "I": 62,
  "J": 80,
  "K": 87,
  "L": 51,
  "M": 67,
  "N": 75,
  "O": 77,
  "P": 73,
  "Q": 83,
  "R": 88,
  "S": 69,
  "T": 74,
  "U": 89,
  "V": 70,
  "W": 72,
  "X": 76,
  "Y": 81,
  "Z": 61,
  "[": 49,
  "\\": 54,
  "]": 50,
  "_": 55,
  "`": 92,
  "a": 4,
  "b": 22,
  "c": 13,
  "d": 8,
  "e": 1,
  "f": 33,
  "g": 23,
  "h": 18,
  "i": 3,
  "j": 59,
  "k": 44,
  "l": 9,
  "m": 19,
  "n": 7,
  "o": 6,
  "p": 20,
  "q": 45,
  "r": 12,
  "s": 11,
  "t": 2,
  "u": 14,
  "v": 16,
  "w": 40,
  "x": 34,
  "y": 32,
  "z": 64,
  "{": 56,
  "}": 57,
  "\u00a0": 95,
  "\u00b7": 93,
  "\u2018": 94,
  "\u2019": 79,
  "\u2026": 96
}